f,mean,std
degree_source,1.6775506770374944,0.07055398379459003
degree_target,-0.0,0.0
mu*_absmed_pct,0.37811265687415935,0.051090440864626156
mu*_pct,0.6701496748287601,0.08041395126867992
